flgs,proto,pkts,bytes,state,seq,dur,mean,stddev,sum,min,max,spkts,dpkts,sbytes,dbytes,rate,srate,drate,unique_src_count,src_entropy,top_src_ratio
6,5,149,42442,2,0,30.0,0.1433187932581515,0.6573670398663009,21.21118140220642,0.0,7.182937145233154,71,78,28679,13763,4.966666666666667,2.3666666666666667,2.6,8,2.1249592048780115,0.5352112676056338
