{
  "timestamp": "20251017_114223",
  "training_info": {
    "num_batches_used": 1,
    "batches": [
      "batch_01"
    ],
    "total_train_records": 10000000,
    "total_test_records": 7337
  },
  "stage1": {
    "accuracy": 0.424287856071964,
    "precision": 1.0,
    "recall": 0.42420937840785167,
    "f1": 0.5957120980091883,
    "roc_auc": 0.9983642311886587
  },
  "stage2": {
    "accuracy": 0.9149728027483538,
    "precision_weighted": 0.9664541711414278,
    "recall_weighted": 0.9149728027483538,
    "f1_weighted": 0.9317905356022642
  },
  "overall": {
    "accuracy": 0.1924492299304893
  },
  "confusion_matrix": [
    [
      1,
      0,
      0,
      0
    ],
    [
      2146,
      0,
      1630,
      67
    ],
    [
      2070,
      0,
      1238,
      1
    ],
    [
      8,
      0,
      3,
      173
    ]
  ]
}