{
  "timestamp": "20251017_115443",
  "training_info": {
    "num_batches_used": 2,
    "batches": [
      "batch_01",
      "batch_04"
    ],
    "total_train_records": 20000000,
    "total_test_records": 7337
  },
  "stage1": {
    "accuracy": 0.9930489300804144,
    "precision": 1.0,
    "recall": 0.9930479825517994,
    "f1": 0.9965118664934,
    "roc_auc": 1.0
  },
  "stage2": {
    "accuracy": 0.6781624863685932,
    "precision_weighted": 0.7519322977063674,
    "recall_weighted": 0.6781624863685932,
    "f1_weighted": 0.6616928986221731
  },
  "overall": {
    "accuracy": 0.6719367588932806
  },
  "confusion_matrix": [
    [
      1,
      0,
      0,
      0
    ],
    [
      5,
      1722,
      2116,
      0
    ],
    [
      35,
      237,
      3036,
      1
    ],
    [
      11,
      0,
      2,
      171
    ]
  ]
}