{
  "metadata": {
    "evaluated_at": "2025-10-17 09:44:50",
    "model_timestamp": "20251017_115443",
    "test_samples": 1000000,
    "features": 8
  },
  "stage1": {
    "accuracy": 0.988626,
    "precision": 0.9999979769288971,
    "recall": 0.9886276133388535,
    "f1_score": 0.9942802889726345,
    "roc_auc": 0.9951647473661163,
    "inference_time_sec": 1.1412911415100098,
    "samples_per_sec": 876200.6149254155,
    "confusion_matrix": {
      "true_negative": 32,
      "false_positive": 2,
      "false_negative": 11372,
      "true_positive": 988594
    }
  },
  "stage2": {
    "accuracy": 0.9345227737743084,
    "precision_weighted": 1.0,
    "recall_weighted": 0.9345227737743084,
    "f1_weighted": 0.9661532926294044,
    "inference_time_sec": 1.6028897762298584,
    "samples_per_sec": 623852.004566409,
    "confusion_matrix": [
      [
        0,
        0,
        0
      ],
      [
        62513,
        934491,
        2962
      ],
      [
        0,
        0,
        0
      ]
    ],
    "per_class_metrics": {
      "DDoS": {
        "precision": 0.0,
        "recall": 0.0,
        "f1_score": 0.0,
        "support": 0
      },
      "DoS": {
        "precision": 1.0,
        "recall": 0.9345227737743084,
        "f1_score": 0.9661532926294045,
        "support": 999966
      },
      "Reconnaissance": {
        "precision": 0.0,
        "recall": 0.0,
        "f1_score": 0.0,
        "support": 0
      }
    }
  },
  "overall": {
    "accuracy": 0.92439,
    "total_inference_time_sec": 2.023827075958252,
    "samples_per_sec": 494113.3616994006,
    "avg_latency_ms": 0.002023827075958252,
    "confusion_matrix": [
      [
        32,
        1,
        1,
        0
      ],
      [
        0,
        0,
        0,
        0
      ],
      [
        11372,
        61289,
        924358,
        2947
      ],
      [
        0,
        0,
        0,
        0
      ]
    ],
    "per_category_accuracy": {
      "Normal": {
        "accuracy": 0.9411764705882353,
        "correct": 32,
        "total": 34
      },
      "DDoS": {
        "accuracy": 0.0,
        "correct": 0,
        "total": 0
      },
      "DoS": {
        "accuracy": 0.9243894292405942,
        "correct": 924358,
        "total": 999966
      },
      "Reconnaissance": {
        "accuracy": 0.0,
        "correct": 0,
        "total": 0
      }
    }
  }
}