{
  "timestamp": "2026-01-05 10:20:00",
  "metrics": {
    "validation": {
      "accuracy": 1.0,
      "precision": 1.0,
      "recall": 1.0,
      "f1_score": 1.0
    },
    "test": {
      "accuracy": 1.0,
      "precision": 1.0,
      "recall": 1.0,
      "f1_score": 1.0
    }
  },
  "training_history": {
    "train_loss": [
      0.954422160917373,
      0.8351062725856461,
      0.734632871705091,
      0.6489505554158496,
      0.5751814748040298,
      0.5111945754981106,
      0.4553600739991358,
      0.40640298177887507,
      0.363302749356073,
      0.325229897342363,
      0.29150105242551594,
      0.2615467789589211,
      0.23488811216817404,
      0.21111844385892903,
      0.189890642496757,
      0.1709059262726706,
      0.15390613397692915,
      0.13866708975782854,
      0.1249930822626241,
      0.11271274351427733,
      0.10167559751091537,
      0.09174941374011025,
      0.08281649765474164,
      0.07477408949620327,
      0.067528941185525,
      0.06099905017071279,
      0.0551115852222611,
      0.04980130942113607,
      0.04501017314946189,
      0.04068623290678661,
      0.03678291783534439,
      0.03325844720033315,
      0.03007539485016033,
      0.02720007873882593,
      0.02460243922337387,
      0.02225514426072711,
      0.02013437187870296,
      0.01821819877187165,
      0.01648732340613531,
      0.01492292847804293,
      0.01350837782994274,
      0.01222945260806173,
      0.01107296337805933,
      0.01002676950221359,
      0.00908060675613875,
      0.00822453618133226,
      0.00745022970871089,
      0.00674964553092492,
      0.00611622791842393,
      0.00554321477040749,
      0.00502480243149331,
      0.00455568613493773,
      0.00413114048929094,
      0.00374737496783869,
      0.00340025433081492,
      0.00308597975284097,
      0.00280174444237155,
      0.00254462775077933,
      0.00231176795737543,
      0.0021011316105677,
      0.00191041147501662,
      0.00173803354997024,
      0.00158182449949982,
      0.00144030512414054,
      0.00131232160594333,
      0.00119642158056013,
      0.00109145879051129,
      0.00099645213136607,
      0.00091033694622584,
      0.00083235788001866,
      0.00076182154796337,
      0.0006978912696881,
      0.00063980419210097,
      0.0005872786078983,
      0.00053969848682638,
      0.00049633559855153,
      0.00045719487969104,
      0.000421621888356,
      0.00038931299956394,
      0.00036003485330248,
      0.00033331586547119,
      0.00030920678194244,
      0.00028724765484897,
      0.00026710374373046,
      0.00024898310915272,
      0.00023237489514354,
      0.00021735608887698,
      0.00020358816637822,
      0.00019111447197702,
      0.00017967729054241,
      0.00016923728349242,
      0.00015971978874636,
      0.00015094001117629,
      0.00014285422715185,
      0.00013556161309705,
      0.0001287662077111,
      0.00012252419156639,
      0.00011677983749613,
      0.00011151851782911,
      0.00010660015367194
    ],
    "val_loss": [
      0.954414343109424,
      0.8350931017331381,
      0.7346159745836608,
      0.6489310517953986,
      0.5751601614154306,
      0.5111720332140028,
      0.45533846206819933,
      0.4063822929879148,
      0.3632829663972525,
      0.3252109949962684,
      0.2914830002903813,
      0.2615295429559508,
      0.23487165612937935,
      0.2111027305135767,
      0.18987563459597556,
      0.1708915868641986,
      0.1538924269490087,
      0.13865398074566299,
      0.1249805381570377,
      0.11270073283147529,
      0.10166409068847927,
      0.09173808626016036,
      0.08280536524594934,
      0.07476239714679125,
      0.06751681177236382,
      0.06098659113674076,
      0.05509889071044121,
      0.04978846133905526,
      0.04499724310202445,
      0.04067328296161972,
      0.03677000189697747,
      0.03324561170814673,
      0.03006267999053272,
      0.02718751848464844,
      0.02459006275496323,
      0.02224298513751741,
      0.02012215309831341,
      0.0182062571967841,
      0.01647576482181277,
      0.0149118886340619,
      0.013497821753438,
      0.0122188244111266,
      0.01106281553818303,
      0.01001663517676635,
      0.00907095926161563,
      0.00821494706654274,
      0.00744112293875815,
      0.0067406284186626,
      0.00610709386782404,
      0.00553396139931489,
      0.00501496560524836,
      0.00454584116388114,
      0.0041216649533091,
      0.00373781600497322,
      0.00339089878881952,
      0.00307668493022941,
      0.00279238439194983,
      0.0025354878029679,
      0.00230282312543712,
      0.00209240931954132,
      0.00190177419686601,
      0.00172929404875302,
      0.00157304082249288,
      0.00143146922187623,
      0.00130359886220318,
      0.00118766283738247,
      0.00108287039522239,
      0.00098779637309119,
      0.00090150209808582,
      0.00082369842884527,
      0.00075339981547674,
      0.00068948144454072,
      0.00063166338616561,
      0.00057905661655002,
      0.00053176568547661,
      0.00048837372055448,
      0.00044941650134485,
      0.00041385734720093,
      0.00038174766011262,
      0.00035252860056674,
      0.00032579708961977,
      0.00030188540463665,
      0.00027995329666421,
      0.00025980333227491,
      0.00024185123331245,
      0.0002253160351433,
      0.00021043080359,
      0.00019670986660627,
      0.00018431351640501,
      0.00017300253017874,
      0.00016256826411714,
      0.00015311916291473,
      0.00014444666884776,
      0.00013637791956781,
      0.00012938417746452,
      0.00012264645907661,
      0.00011669850722323,
      0.00011114330024004,
      0.00010612160772327,
      0.00010139977640893
    ]
  },
  "feature_cols": [
    "pkts",
    "bytes",
    "seq",
    "dur",
    "mean",
    "stddev",
    "sum",
    "min",
    "max",
    "spkts",
    "dpkts",
    "sbytes",
    "dbytes",
    "rate",
    "srate",
    "drate"
  ],
  "classes": [
    "HTTP",
    "TCP",
    "UDP"
  ],
  "confusion_matrix": [
    [
      954,
      0,
      0
    ],
    [
      0,
      955,
      0
    ],
    [
      0,
      0,
      954
    ]
  ],
  "classification_report": {
    "HTTP": {
      "precision": 1.0,
      "recall": 1.0,
      "f1-score": 1.0,
      "support": 954.0
    },
    "TCP": {
      "precision": 1.0,
      "recall": 1.0,
      "f1-score": 1.0,
      "support": 955.0
    },
    "UDP": {
      "precision": 1.0,
      "recall": 1.0,
      "f1-score": 1.0,
      "support": 954.0
    },
    "accuracy": 1.0,
    "macro avg": {
      "precision": 1.0,
      "recall": 1.0,
      "f1-score": 1.0,
      "support": 2863.0
    },
    "weighted avg": {
      "precision": 1.0,
      "recall": 1.0,
      "f1-score": 1.0,
      "support": 2863.0
    }
  },
  "time_performance": {
    "avg_flows_per_sec": 1507026.9762305163,
    "std_flows_per_sec": 426899.5093596591
  }
}