{
  "metadata": {
    "evaluated_at": "2025-12-01 15:02:31",
    "model_timestamp": "20251201_143848",
    "test_samples": 100000,
    "features": 22
  },
  "stage1": {
    "accuracy": 0.99255,
    "precision": 0.9999897179637456,
    "recall": 0.9924081632653061,
    "f1_score": 0.9961845157920075,
    "roc_auc": 0.9999514056122449,
    "inference_time_sec": 0.09827089309692383,
    "samples_per_sec": 1017595.3107637962,
    "confusion_matrix": {
      "true_negative": 1999,
      "false_positive": 1,
      "false_negative": 744,
      "true_positive": 97256
    }
  },
  "stage2": {
    "accuracy": 0.9757755102040816,
    "precision_weighted": 0.9791013965842551,
    "recall_weighted": 0.9757755102040816,
    "f1_weighted": 0.9763533939502422,
    "inference_time_sec": 0.033699989318847656,
    "samples_per_sec": 2908012.7911254494,
    "confusion_matrix": [
      [
        32851,
        29,
        2120
      ],
      [
        15,
        49842,
        143
      ],
      [
        0,
        67,
        12933
      ]
    ],
    "per_class_metrics": {
      "DDoS": {
        "precision": 0.999543601290087,
        "recall": 0.9386,
        "f1_score": 0.9681136356938673,
        "support": 35000
      },
      "DoS": {
        "precision": 0.9980776162441427,
        "recall": 0.99684,
        "f1_score": 0.9974584242230183,
        "support": 50000
      },
      "Reconnaissance": {
        "precision": 0.8510792313766781,
        "recall": 0.9948461538461538,
        "f1_score": 0.9173641651298056,
        "support": 13000
      }
    }
  },
  "overall": {
    "accuracy": 0.97192,
    "total_inference_time_sec": 0.08210921287536621,
    "samples_per_sec": 1217890.1306944722,
    "avg_latency_ms": 0.0008210921287536621,
    "confusion_matrix": [
      [
        1999,
        0,
        1,
        0
      ],
      [
        513,
        32628,
        29,
        1830
      ],
      [
        166,
        15,
        49679,
        140
      ],
      [
        65,
        0,
        49,
        12886
      ]
    ],
    "per_category_accuracy": {
      "Normal": {
        "accuracy": 0.9995,
        "correct": 1999,
        "total": 2000
      },
      "DDoS": {
        "accuracy": 0.9322285714285714,
        "correct": 32628,
        "total": 35000
      },
      "DoS": {
        "accuracy": 0.99358,
        "correct": 49679,
        "total": 50000
      },
      "Reconnaissance": {
        "accuracy": 0.9912307692307692,
        "correct": 12886,
        "total": 13000
      }
    }
  }
}