{
  "timestamp": "2025-12-04 09:24:09",
  "metrics": {
    "validation": {
      "accuracy": 0.9989520565889441,
      "precision": 0.9989547947364772,
      "recall": 0.9989520565889441,
      "f1_score": 0.9989516425028896
    },
    "test": {
      "accuracy": 0.999214248297538,
      "precision": 0.999216711469019,
      "recall": 0.999214248297538,
      "f1_score": 0.9992142463549881
    }
  },
  "training_history": {
    "train_loss": [
      1.1938684845062832,
      1.0397603945050207,
      0.912465276262414,
      0.8051295049412177,
      0.7134399777268849,
      0.6342319381761305,
      0.5652989903828146,
      0.5049396410794765,
      0.45183036726483056,
      0.404915947029257,
      0.3633263806277558,
      0.3263698587831558,
      0.2934510114765879,
      0.264075615655526,
      0.23781822097302655,
      0.21431489381277363,
      0.19322252532915996,
      0.1742854879737607,
      0.15727757439556503,
      0.14198471323730677,
      0.12822644239531936,
      0.1158446905370873,
      0.10469345970134017,
      0.0946472468571387,
      0.0855885803173461,
      0.07741813873501609,
      0.07004848652166941,
      0.06339507711519446,
      0.05738976150426613,
      0.05196842586023695,
      0.04706780325566347,
      0.04264042900927851,
      0.03863872245967136,
      0.03502511257270302,
      0.03175828532255496,
      0.02880214559955572,
      0.02612765881385073,
      0.02371091184636301,
      0.02152355307889491,
      0.01954599672639757,
      0.01775365700907989,
      0.01613157783924785,
      0.0146631813433142,
      0.01333479373576289,
      0.01213019803546031,
      0.01103731904203378,
      0.01004959942623116,
      0.00915428118870347,
      0.00834538048300323,
      0.00761119883534207,
      0.00694784582944648,
      0.00634576087011422,
      0.0058019050935973,
      0.00530720937594039,
      0.00485815383198007,
      0.00445161035633939,
      0.00408331692576616,
      0.00374825124241332,
      0.00344279337617561,
      0.00316724474312192,
      0.00291778034199736,
      0.00269040402351803,
      0.00248175683491729,
      0.00229173261738836,
      0.00211966724159944,
      0.00196489211014556,
      0.00182326059536718,
      0.00169414715178703,
      0.00157495044035575,
      0.00146724881593136,
      0.00136935617041816,
      0.00127848810714383,
      0.0011979667877124,
      0.00112369766468865,
      0.00105460225931262,
      0.00099211808456926,
      0.00093555082649076,
      0.00088498138873555,
      0.00083722254446247,
      0.00079428143091481,
      0.0007545624553418,
      0.00071850323784704,
      0.00068505187020974,
      0.00065458092811146,
      0.00062678143907788,
      0.00060154340754207,
      0.00057861423986222,
      0.00055605227792177,
      0.00053525542256726,
      0.00051605798049816,
      0.00049861664458038,
      0.00048244831308171,
      0.00046789751139342,
      0.00045439246219033,
      0.00044077841947862,
      0.00042847825782755,
      0.00041660617037687,
      0.00040605514605536,
      0.00039611221167822,
      0.0003861185630795
    ],
    "val_loss": [
      1.1938840953473617,
      1.0398114998364967,
      0.9125585321796668,
      0.8053179338305041,
      0.7136693698653446,
      0.634533132780963,
      0.5656652597972539,
      0.5053761060524586,
      0.4523323615058917,
      0.40547974709443846,
      0.36395363471787234,
      0.3270734427704185,
      0.29423831200643397,
      0.2649455062687819,
      0.23877565529932362,
      0.21534932100448054,
      0.19435168187094196,
      0.17551306624796056,
      0.15858948689060495,
      0.14338529324668972,
      0.12970763304750738,
      0.11740499788557075,
      0.10633468704250804,
      0.09636503350861197,
      0.08737471705375306,
      0.07927782499793315,
      0.07197637935841243,
      0.06539802278231226,
      0.05945731039415925,
      0.054100200492876,
      0.0492570584413969,
      0.04489963280633853,
      0.0409695771667996,
      0.0374122865865032,
      0.03419587807132057,
      0.03130272438104065,
      0.0286814306909255,
      0.0263195969403485,
      0.02418373156517533,
      0.02225914595168955,
      0.02051702185534185,
      0.01894759877228889,
      0.01752609729997175,
      0.01624062441763748,
      0.01507048262685795,
      0.01403021220657521,
      0.01307526907405602,
      0.01222036245484212,
      0.01146239224057142,
      0.01076868613501135,
      0.01014217849635905,
      0.0095746626722206,
      0.00908240191209041,
      0.00862502009259673,
      0.00821818944719689,
      0.00784747367050135,
      0.00751158229967412,
      0.00721881882013557,
      0.00694841551583456,
      0.00672494272229559,
      0.00651645452694961,
      0.00633724677889567,
      0.00616193339147502,
      0.00600517097642079,
      0.00584240672263354,
      0.00572608559574656,
      0.00561820066195198,
      0.00552419609917713,
      0.00542934441913133,
      0.00533254734225345,
      0.00525997571736774,
      0.00519929031478761,
      0.00515205257371305,
      0.00509241231367222,
      0.00504860919233527,
      0.00501225437626586,
      0.0049664793754563,
      0.00492621738323222,
      0.00488616890482115,
      0.00485445355131015,
      0.00482926803401542,
      0.00480749210861281,
      0.00478138236040986,
      0.00476619891415723,
      0.00474442321898522,
      0.00475282143030554,
      0.00474135454695744,
      0.00473927849750627,
      0.00471094043460048,
      0.00470651862199204,
      0.00469182762733521,
      0.00467770565031796,
      0.00466667129545239,
      0.00462537651711024,
      0.00462479886999049,
      0.00462558507290998,
      0.0046426620207312,
      0.00465929142245907,
      0.00467728247180123,
      0.00469514540108749
    ]
  },
  "feature_cols": [
    "pkts",
    "bytes",
    "seq",
    "dur",
    "mean",
    "stddev",
    "sum",
    "min",
    "max",
    "spkts",
    "dpkts",
    "sbytes",
    "dbytes",
    "rate",
    "srate",
    "drate"
  ],
  "classes": [
    "Normal",
    "HTTP",
    "TCP",
    "UDP"
  ],
  "confusion_matrix": [
    [
      954,
      0,
      0,
      0
    ],
    [
      3,
      951,
      0,
      0
    ],
    [
      0,
      0,
      955,
      0
    ],
    [
      0,
      0,
      0,
      955
    ]
  ],
  "classification_report": {
    "Normal": {
      "precision": 0.9968652037617555,
      "recall": 1.0,
      "f1-score": 0.9984301412872841,
      "support": 954.0
    },
    "HTTP": {
      "precision": 1.0,
      "recall": 0.9968553459119497,
      "f1-score": 0.9984251968503937,
      "support": 954.0
    },
    "TCP": {
      "precision": 1.0,
      "recall": 1.0,
      "f1-score": 1.0,
      "support": 955.0
    },
    "UDP": {
      "precision": 1.0,
      "recall": 1.0,
      "f1-score": 1.0,
      "support": 955.0
    },
    "accuracy": 0.999214248297538,
    "macro avg": {
      "precision": 0.9992163009404389,
      "recall": 0.9992138364779874,
      "f1-score": 0.9992138345344195,
      "support": 3818.0
    },
    "weighted avg": {
      "precision": 0.999216711469019,
      "recall": 0.999214248297538,
      "f1-score": 0.9992142463549881,
      "support": 3818.0
    }
  },
  "time_performance": {
    "avg_flows_per_sec": 1045331.5842657023,
    "std_flows_per_sec": 177890.53098244706
  }
}